Zip File,SHA256 Hash
https://raw.githubusercontent.com/gprethesh/0/main/3/saved/chunk_0.zip,8cb96b8370c42100d70874588df32b13fc71fd217e87ec27c7f0fa1c4b0a443e
https://raw.githubusercontent.com/gprethesh/0/main/3/saved/chunk_1.zip,8c94ca703eace99eb954d81092623c0a278120f9e7c56826a30478367fec12bd
https://raw.githubusercontent.com/gprethesh/0/main/3/saved/chunk_2.zip,0f644cb5f17b9c66c64d347cd668f57b0dc7ba81456a0e38054f46388c302fa1
https://raw.githubusercontent.com/gprethesh/0/main/3/saved/chunk_3.zip,e38b8855f71f87e4099087b30039e5d8db714ee4cb1ab812cb8a0deeef525eb9
https://raw.githubusercontent.com/gprethesh/0/main/3/saved/chunk_4.zip,cef0da2b2728da76ff519c06e2c1aaaf5a4cd56209c8f155362329f6a2c449ec
https://raw.githubusercontent.com/gprethesh/0/main/3/saved/chunk_5.zip,8bf4b3ffc20b41b95b70ef6e5eb8dadd32dda8afc3e50390a542bf0fc1f44fc8
https://raw.githubusercontent.com/gprethesh/0/main/3/saved/chunk_6.zip,a838794451811d1c42f86028bd4ea6f90f20c9d3c4b082b896a403c1df63d898
https://raw.githubusercontent.com/gprethesh/0/main/3/saved/chunk_7.zip,fac4b3780bb55870227e2710e039e867e8897b896501520e3b6a979dbbc3b85b
https://raw.githubusercontent.com/gprethesh/0/main/3/saved/chunk_8.zip,97657abd5c884f9ce689d6a944d51f593a15f63205944cc6ea6721ba23889ba3
https://raw.githubusercontent.com/gprethesh/0/main/3/saved/chunk_9.zip,4afab2dc10928995ca668ebce80348724d723ec56ec848ae9de05891a4a50827
https://raw.githubusercontent.com/gprethesh/0/main/3/saved/chunk_10.zip,cb8d7bf7900c921576b261a26eeeaa8856bbecf2114dbf1204cab5a09cfe9ee8
https://raw.githubusercontent.com/gprethesh/0/main/3/saved/chunk_11.zip,2e67285e02bd3ec188d0e4044551667212d2643733ceaef6ff03c77ed012ca0c

